INSERT INTO USUARIO.COCINERO (IDCOCINERO, APELLIDO1, APELLIDO2, NOMBRE) VALUES (10, 'Perez', 'perea', 'Pedro');
INSERT INTO USUARIO.MESA (IDMESA, NUMMAXCOMENSALES, UBICACION) VALUES (10, 4, 'Zona cental');

INSERT INTO USUARIO.CAMARERO (IDCAMARERO, APELLIDO1, APELLIDO2, NOMBRE) VALUES (10, 'Gomez', 'Gamez', 'Gonzalo');
INSERT INTO USUARIO.CAMARERO (IDCAMARERO, APELLIDO1, APELLIDO2, NOMBRE) VALUES (20, 'Cruz', 'Cruz', 'Tomas');
INSERT INTO USUARIO.CAMARERO (IDCAMARERO, APELLIDO1, APELLIDO2, NOMBRE) VALUES (30, 'Estarque', 'Gonzalez', 'Antonio');
    

INSERT INTO USUARIO.CLIENTE (IDCLIENTE, APELLIDO1, APELLIDO2, NOMBRE, OBSERVACIONES) VALUES (10, 'Galeano', 'Rueda', 'Camilo', 'Cliente frecuente');
INSERT INTO USUARIO.CLIENTE (IDCLIENTE, APELLIDO1, APELLIDO2, NOMBRE, OBSERVACIONES) VALUES (20, 'Jimenez', 'Arce', 'Jimena', 'Dueña de local');
INSERT INTO USUARIO.CLIENTE (IDCLIENTE, APELLIDO1, APELLIDO2, NOMBRE, OBSERVACIONES) VALUES (30, 'Peña', 'Plino', 'Transito', 'Domicilios');


INSERT INTO USUARIO.FACTURA (IDFACTURA, FECHAFACTURA, IDCAMARERO, IDCLIENTE, IDMESA) VALUES (10, '2019-06-10 18:03:20.762', 10, 10, 10);
INSERT INTO USUARIO.FACTURA (IDFACTURA, FECHAFACTURA, IDCAMARERO, IDCLIENTE, IDMESA) VALUES (20, '2019-06-17 18:03:20.762', 10, 20, 10);
INSERT INTO USUARIO.FACTURA (IDFACTURA, FECHAFACTURA, IDCAMARERO, IDCLIENTE, IDMESA) VALUES (30, '2019-06-19 18:03:20.762', 20, 30, 10);

INSERT INTO USUARIO.DETALLEFACTURA (IDDETALLEFACTURA, IMPORTE, PLATO, IDCOCINERO, IDFACTURA) VALUES (10, 80000, 'Langosta', 10, 10);
INSERT INTO USUARIO.DETALLEFACTURA (IDDETALLEFACTURA, IMPORTE, PLATO, IDCOCINERO, IDFACTURA) VALUES (11, 45000, 'Vino', 10, 10);

INSERT INTO USUARIO.DETALLEFACTURA (IDDETALLEFACTURA, IMPORTE, PLATO, IDCOCINERO, IDFACTURA) VALUES (20, 70000, 'Camarones', 10, 20);
INSERT INTO USUARIO.DETALLEFACTURA (IDDETALLEFACTURA, IMPORTE, PLATO, IDCOCINERO, IDFACTURA) VALUES (21, 45000, 'Whiskey', 10, 20);

INSERT INTO USUARIO.DETALLEFACTURA (IDDETALLEFACTURA, IMPORTE, PLATO, IDCOCINERO, IDFACTURA) VALUES (30, 30000, 'Cazuela', 10, 30);
INSERT INTO USUARIO.DETALLEFACTURA (IDDETALLEFACTURA, IMPORTE, PLATO, IDCOCINERO, IDFACTURA) VALUES (31, 5000, 'Jugo', 10, 30)